Index, Name, Address, Verified, Total (w), First (w), Last (w), New 1 (w), New 2 (w), Total (e), First (e), Last (e), New 1 (e), New 2 (e)
81, SoulStones NFT, EQBGFJ8Gxg-HodyD7kqzR0J4uPQAkB_yYuy_dSeGaOGpaQ1g, , 639, EQBjHfv--JSYCChMNwfoO3DCBvTZFCYexcpKwhwikC-lRznl, EQDN5I3FQHYZdLAa_UkbrMQmCYUEsLSFEPFbwycRh4oih00k, EQA7p3xSdClSIdwYpKpM2hSigN-9xKKB9w3QAuDCmJ005CQ2, EQBvj9pqn96AkMS_9i-1b3Nlu5rCR41hUEhmUorDK4O19HDu, , , , , 
82, Ton penguin‚Äôs world, EQCqt7T_DGK8bhmDcEaE0L8WtPS1FWKKCslBAnV_ycb2Ap1Q, false, 331, EQCQWvi72iu5EpGC7KUiFzUBfVQfVqgZfLUooESg5AI6kPr9, EQBC387qbv6XiTAw4YQKnY3NVvuXGkuoGLbtIDYFPg_mvqDx, EQBHg_ITCkpMBe04gn_ccse4MwmDZnTzTQ1vlGIYzb21UGDc, EQDLYDdvZAr6LI6VnyrDsywPa7q0Cqo5o8hk-KcQo07369EO, , , , , 
84, T10: TONTEN Governance Kit, EQBMH0hk8S44DgWFWKrivP8-nSgFuMcsuEApvCuDgoYdPVia, false, 100, EQBNtRty2WQWGDH1itpFYC-gB-dRQTiGkQPxm9W8DIsSmxEp, EQCeuBh-r30YY2kp5FwdptIzNppaHFH95QZF3EPbeuReYh2v, EQBw0S87sz_2pEUjjsX_ho6lc9tBzIF8VDuoXqr939SLnzT4, EQC2X_3sz435AH6QAsCyJPfEH0lsz-AcVrnsgOxubW8-h777, , , , , 
85, TON FARM üêî, EQBxngAU3DgTPuCQhmumGXlgoYg4PsahL0wRmnIxRwFrLasz, false, 129, EQD5zIYZ9F3BKi3YDB2O-c-7ao6zRJncCncAZu4eto9fNQPk, EQBKHxRYq7fZYWsVp99XXVLq0AWQYD4zHAiARAVjJG0WLbYi, EQBwErTl2gXly5rr8ovqcExzj2vdjYNV6vQbVZB1bVd3gwmR, EQC_WGweJWmbtiQ0T_oSw0ydnzx34f5RNZbwZfwT3b04FH1r, , , , , 
86, Tonlanders - Sheeps, EQDi0t0R8yjV1Yu8lWHkDawz2xihHqsGB61-bQVf7EQ8SteO, , 3041, EQBuyDhj1Kjn-LFWVrKu6AjctmWDsxb236F-zqfRPgWVYb_E, EQCuFXpeMNxX-qB1rZP9lJNgZbdCFvYzQIwvg98ZPEW0RQBh, EQB0WXNU1Q1MfE-Ha8rYCxTuTuzYfK9PcjybN1FRTTwHo3ze, EQAjnuCiYPyb3udIFWwJEeHkfyivEGBi6yGk7DimNObjZapo, , , , , 
87, Resistance Pack, EQDSsZSm_GlY9rAvHJbnPLnIL1hxis-Kc66ALHFBg3LR7bXO, , 304, EQCaHPpgbTDDt6kV7al3U7WYCRaYXKtlLzZLFggXtJWqviYt, EQB1IgLRwhVUHQBbDYcorSmW0sS7zdFjutk_VpL9tssZylVV, EQC5y4NPdaBVVIlusonYJRVfJ80CvL-Q_B897rxQBXgpnV6P, EQDnSVBkQ67GEaT6Kbx2PCcrGQVsHiOHkjoyD76R-sFJ_3MF, , , , , 
88, Flying squirrel, EQB-HgQI2yQ_eLPjTBP7CI-F3JPT-ych8gwJ2-buWgaDANdC, false, 26, EQA1AlEQB3qhTmUC0Z3M60FRvvtGrfI6R2NTrlWr7PDtvDO2, EQChdaYXLadsyTkx1fDJesillqxOYJ5WiSbzOgt0w2M-Hvb5, EQBEd0beGzX97bsmANN_wGrm8Db2XYehfPgfyg-XRJhooRki, EQDtmsyupM3q1kcXFZ7VcEGHxonsZGrOwPcK77mT-CRx1qte, , , , , 
89, TonOwls, EQDQgTrIH1f9nmiDFYR4a2hEEib_giej1e01GRVY5wsrEZRg, , 530, EQA9Lba8Vmuq9htgtLD9tYRkKxgA78iJPtBzYInPr90Ch6LO, EQBdwkg0ePeOJWtITvYSysp8vR7mecRAASPB5YfCDstJRCC0, EQCZSsbsq38g3ypJCKHp9WkKSPR5Nt8ZWVp2o2ryQVnaQIO9, EQAed1042tN7nCts3iRyTiEG1IT5dw59dK-yiKt6oHlRR0Bp, , , , , 
90, TON VERSE, EQBFj_u6QYGy_C9bi74ehF78qhXUYiuYmiPHqoJAHsOlgOkg, , 2001, EQBe5LKYZHsN98C9T5lLReffL2PWLdd2X_A9BvkHs5vAbXXp, EQCIK0lraEPmrqG9rVU_yYS3FtyqGcMR28dCEzZtiz_huAFe, EQBaUIDqvyYD1cq2wCOhpN1QUiz12J1TWv8DWeaRzEmuV0tX, EQBCMBS1N0euikPM9lsdhYp90IKgGx3QdJgwiU7Q_a_YORIb, , , , , 
91, WHITELIST [G-BOTS SD], EQBX5J2SSHSluWEvukYbiln9YMjtVs77oqshHycS75ExU44-, , 1761, EQBAWXUHzhO8zmP3N1R5CyiZ7lk5CatROh9kIIPVYJau2ZM3, EQDimKko_2zj5t780MMjl5MVsgVIKIq1FGa5EDHEFQSNPNwz, EQBU-cNw--bqKRjan2-5imsQhf5Y-NOD5ITT08Og89kcFTSG, EQCorO62FTYbFGQw9nP1ttA8VkMce-BsbzA9j_S5raV2Vg85, , , , , 
92, TON Piggies, EQDOwUovd3FXVt7ksDSuc21Rute4A2M4PRC4EZ5jtgYZh8Ke, false, 505, EQAEZnkyI_GIXdi6oYtU3lFH16-0QLymnjjR5YD5a7u4goOm, EQAmetBO_nAlP6JzVYR36iYSAOo-lk0MRl6NzeYlQkBQTdFj, EQDLFQ86Gk1OjXzbzsf9qMYn2Bal41WWhYZKuU1FvIx7VNAx, EQA4zNP_U_S68_Gqyb3R3GKtt7ALu_UlhaLomouCpRz_MeyE, , , , , 
93, Disintar floors and walls, EQCIm2ap54Zuombtp57WHnruZl2KnG193rQRK3FuafpbVhsl, , 120, EQDKn8iIdL2fLrAu9eKPnqaPPBxykIo0ubjKfHuyKKrBlbY5, EQCYVyazrskWgKJfdfuEr81U8_MW421Ytw2hVxUyb-9yHDsd, EQBYErJ51ZpXb2oqHLtCypNcArO5LZw8hqoUBqVst9uSHHa2, EQA1Wz0MarDzJFlmk3KN18CyUWj77vO_aDrcAFeMfA5nPxNd, , , , , 
94, ROOMS AND INTERIOR, EQApA79Qt8VEOeTfHu9yKRPdJ_dADvspqh5BqV87PgWD94La, , 203, EQBB_1Br29o2G63sdopyrikWWKqQxFtzvExJtL5u5ZmHCV6h, EQARtipVoG5a1qmngTDkWEdLkLEqUiaRoXwtFwy0ZYTuxrRm, EQDEVKZQ7XQY2DMsa1CogtXYLhsdhI2Ef0k1bW7rULWKDTBu, EQB0As-zPm9GXqf5bl4_JNqAbaiC21yRMT7tIYvbVbHedu69, , , , , 
95, Cybercoin, EQCoe5_niqzBqoEADISlVrjQDZxlGp9zBmpXNlBZr5qnRHFM, false, 70, EQBjvqY5fiHI0AeS6ARjGa4o7o6gH2M4H_Xb2ENWmCjdkXkM, EQAdTZhlbWQPhXdLoVdakHvYR5rI8YwZt6Ou8DizLM4G27PU, EQCBpyHwcNEAjuPZ8G0V3ki2WVA2S2AEPa63iA6g9DWBjC4Z, EQBz_YUtyJntOr7BR6Sz_bKWpH5mleZvMhdMctrAO9_CqPkf, , , , , 
96, –ö–æ–ª–ª–µ–∫—Ü–∏–∏ –ø–æ—á—Ç–æ–≤—ã—Ö –º–∞—Ä–æ–∫ Ton Earth Mendon, EQANJZPmxdA-yPKWRzdCKgAyZgMwUOyQDiZivnR8CX1RH5Qk, , 301, EQDP1n26qxIDSkQ3ekrgzOlMWE6Am9-AEOxjeaF7HKqgRF5n, EQD6E-kVxSCc-WXFMv4tUtwfAuqCZ3sXOhlDy1uuOAg_o3M2, EQCWY2lMuykYn50qrLhHruBZPs4oj0h3DEBLrMCx2jYEkakx, EQCqJmpqR9_3ZBxWFtyHvFkYWf5GZ8H9K5D6q025FqNeue-o, , , , , 
97, Ton Mutant Sharks, EQCVOhet69c56FKguynWyh6kQBDpNsD_X521ta5XmkiYxAJH, false, 63, EQDoEHSoi3aHBDmeJoHl1-4PJFWGmsQ9ptX2Vc2LrQugHqJP, EQA7UtbrXF0E1KRec7HjritrvIA9HPp0Iu8uYWtkd7MZE1yl, EQAQdPLpi9kSWoMLOA3lJkBop9tWULq5FVd5agP_5KDdRwYk, EQBCzRTunXAcInS1QAPNprR8G6N4Q9a10fHeYQP46Dg4bu7l, , , , , 
98, Tonlanders - TON lands, EQB5lEJSNh4n89VA5uuisrVkUI-7v0ZcWPiXcDINXgpMBw-X, , 5332, EQBBJzVXriCjUQYdbL_1DL63N6pi80I1gf5NTEMeC2m6zcSx, EQDLiCC09L3o5lVjXa_QPM7lysmb4ivhxqzmAiZTpz6GC2pT, EQCm41NoaNbVtEh9VsB8hVBr8MBtFTwzt48kvs6VPBijahWw, EQAp-kkG_-dSyvUTG7uC_15fL16MwReUxbnIwVpGmub239sG, , , , , 
99, Soulburger, EQCFLyGhqtURmFBN59eIQRrTnQo-N348zugftg0AlSNQxVKg, , 20, EQB9EvaycaPRsF4M18M9lYfdLqlMeIPzFkcs11frUlgHsug0, EQBoh_lu_4-FNh9yEp4fMxWKkIzG43eb3pnGejOQgb4lZOq0, EQBMpvOGe5XZ5REo_98dQ7bkA5hhYQdvgVMHRhjrEkJY30nG, EQDGM5xZHXBiqUuWaSYnErq6kXhI-GtcSvFJ8hbDPJjAiMB9, , , , , 
100, TON Origami, EQCAbkhDYd9KmsWw3oCQIs-jUn6iuYxwhdn47H4D8E4NziBc, false, 299, EQAAQVx6HJD28DCO_ltMueX7nKT-Tqh5GTWCYh104U4T5_sF, EQDmSUMINvyWeUZQHMk0oTbm-WnpTKE69gCKtcUHRdEISJWl, EQBLipah0yJS_J8wM5mIEJvd1RQK1TUHcBzYG__H-KiAYUR3, EQD2tqw8vgSnqxx73TDPy0jJ5QXbmDsZ16--O4pZt-pKgkqD, , , , , 
